<?xml version="1.0" encoding="UTF-8"?>
<template>
<description>template install file</description>
<title>Template1.3-defaultBlue</title>
<output>&lt;div style=&quot;background: url(&amp;quot;/images/backgrounds/vector_0298.jpg&amp;quot;) repeat scroll 0% 0% transparent; padding: 0px; border: 0pt none currentcolor; left: 1px; top: 44px; width: 1135px; height: auto; color: black; float: left; position: absolute; z-index: 501; min-height: 600px;&quot; id=&quot;net_110_2_29_0_58_22&quot; class=&quot;draggable ui-draggable templateDiv sheet corParams_(round,top,15px)  shadowed whiteTheme         corParams_(round,top,5pxpx)       cornered corBg_(#8f408f) dsParams_(left:2,top:2,blur:18,opacity:0.4,color:#1e3082) ui-resizable-autohide&quot; unselectable=&quot;on&quot;&gt;&lt;div id=&quot;hdr&quot; class=&quot;header&quot; style=&quot;width: 1080px; height: 300px; overflow: hidden; display: block; background: url(&amp;quot;/images/backgrounds/vector_0298.jpg&amp;quot;) repeat scroll 0% 0% transparent;&quot;&gt;&lt;img src=&quot;/images/backgrounds/vector_0012.png&quot; alt=&quot;&quot; height=&quot;461&quot; width=&quot;1078&quot;&gt;&lt;/div&gt;
&lt;div id=&quot;wrp&quot;&gt;
&lt;div id=&quot;sdb&quot; class=&quot;leftcolumn&quot;&gt;
&lt;div id=&quot;t1menu&quot; style=&quot;margin-bottom: 30px;&quot;&gt;{menu:display:1:vertical}&lt;br&gt;&lt;br&gt;&lt;/div&gt;
&lt;div&gt;{liveblock:user:loginArea}&lt;/div&gt;
&lt;div&gt;&lt;br&gt; &lt;br&gt;
&lt;p&gt;{adminurl}&lt;/p&gt;
&lt;p&gt;&amp;nbsp;&lt;/p&gt;
&lt;/div&gt;
&lt;/div&gt;
&lt;div id=&quot;cnt&quot; class=&quot;sheet&quot; style=&quot;background: url(&amp;quot;/images/backgrounds/vector_0298.jpg&amp;quot;) repeat scroll 0% 0% transparent;&quot;&gt;
&lt;h1&gt;{title}&lt;/h1&gt;
&lt;div&gt;{content}&lt;/div&gt;
&lt;/div&gt;
&lt;/div&gt;
&lt;div id=&quot;ftr&quot; style=&quot;background: url(&amp;quot;/images/backgrounds/vector_0298.jpg&amp;quot;) repeat scroll 0% 0% transparent; position: relative;&quot;&gt;
&lt;div style=&quot;width: auto; height: auto; position: relative; left: 0px; display: block; float: right; margin-bottom: 10px;&quot;&gt;
&lt;p style=&quot;width: auto; height: auto; position: relative; left: 0px; display: block; float: left;&quot;&gt;Copyright © 2010 Nebojsa Tomic | Powered by &lt;a href=&quot;http://sourceforge.net/projects/cms-ide/&quot; target=&quot;_blank&quot;&gt;CMS-IDE&lt;/a&gt;&lt;/p&gt;
&lt;/div&gt;
&lt;div style=&quot;width: auto; height: auto; position: relative; left: 0px; display: block; float: left; margin-bottom: 10px;&quot;&gt;
&lt;p style=&quot;width: auto; height: auto; position: relative; left: 0px; display: block; float: left;&quot;&gt;&lt;a href=&quot;http://validator.w3.org/check?uri=referer&quot; target=&quot;_blank&quot;&gt;XHTML&amp;nbsp;|&lt;/a&gt; &lt;a href=&quot;http://jigsaw.w3.org/css-validator/check/referer?profile=css3&quot; target=&quot;_blank&quot;&gt; CSS&lt;/a&gt;&lt;/p&gt;
&lt;/div&gt;
&lt;/div&gt;


&lt;/div&gt;







&lt;div style=&quot;border: 0pt none currentcolor; left: 979px; top: 81px; width: auto; height: auto; position: absolute; z-index: 504;&quot; id=&quot;net_110_3_16_1_29_29&quot; class=&quot;draggable ui-draggable whiteTheme templateDiv ui-resizable-autohide&quot; unselectable=&quot;on&quot;&gt;&lt;p class=&quot;objContent&quot;&gt;{language:flags}&lt;/p&gt;


&lt;/div&gt;

&lt;div style=&quot;border: 0pt none currentcolor; left: 866px; top: 324px; position: absolute; z-index: 9900; width: 131px; height: 50px;&quot; id=&quot;net_110_3_16_1_49_28&quot; class=&quot;draggable ui-draggable templateDiv whiteTheme ui-resizable-autohide activeObject&quot; unselectable=&quot;on&quot;&gt;&lt;p&gt;{searchform}&lt;/p&gt;


&lt;/div&gt;

&lt;div style=&quot;min-height: 25px; padding: 10px; float: left; color: black; border: 0pt none currentcolor; left: 4px; top: 52px; width: 379px; height: 118px; position: absolute; z-index: 9999; background: none repeat scroll 0% 0% transparent;&quot; id=&quot;net_110_3_18_14_54_27&quot; class=&quot;draggable ui-draggable templateDiv ui-resizable-autohide&quot; unselectable=&quot;on&quot;&gt;&lt;p class=&quot;objContent&quot;&gt;&lt;img src=&quot;/images/coreTemplate1/logoNewBig.png&quot; height=&quot;100%&quot; width=&quot;100%&quot;&gt;&lt;/p&gt;&lt;/div&gt;











&lt;div class=&quot;draggable ui-draggable ajax-loader templateDiv ui-resizable-autohide&quot; id=&quot;net_111_5_14_18_36_5&quot; style=&quot;position: absolute; border: 0pt none; z-index: 999999; left: 456px; top: 402px; display: none;&quot;&gt;&lt;p class=&quot;objContent&quot;&gt;&lt;img src=&quot;/images/coreTemplate1/ajax-loader.gif&quot; alt=&quot;ajaxloader&quot; height=&quot;136&quot; width=&quot;220&quot;&gt;&lt;/p&gt;


&lt;/div&gt;

&lt;div objtype=&quot;footer&quot; class=&quot;draggable ui-draggable ui-resizable-autohide footer templateDiv&quot; id=&quot;net_111_9_1_18_11_44&quot; style=&quot;position: absolute; border: 0pt none; z-index: 500; left: 0px; top: 733px; width: 1063px; height: 21px; display: none;&quot;&gt;&lt;p class=&quot;objContent&quot;&gt;&amp;nbsp;&lt;/p&gt;


&lt;/div&gt;
</output>
<bodyBg>url(/images/backgrounds/vector_0298.jpg) fixed;background-attachment:fixed;</bodyBg>
<staticFiles>/CSS/themes.css;/CSS/default.css;/JS/main2.js</staticFiles>
</template>